{
  "camera_1": {
    "gps_corners": {
      "top_left":     {"px": [0, 0],       "gps": [47.0370, 21.9470]},
      "top_right":    {"px": [1920, 0],     "gps": [47.0370, 21.9500]},
      "bottom_left":  {"px": [0, 1080],     "gps": [47.0360, 21.9470]},
      "bottom_right": {"px": [1920, 1080],  "gps": [47.0360, 21.9500]}
    },
    "zones": [
      {
        "id": "runway_main",
        "name": "Runway 09/27",
        "polygon": [[100, 200], [800, 200], [800, 600], [100, 600]],
        "severity_override": null
      },
      {
        "id": "taxiway_alpha",
        "name": "Taxiway Alpha",
        "polygon": [[850, 300], [1200, 300], [1200, 550], [850, 550]],
        "severity_override": "low"
      }
    ]
  },
  "camera_2": {
    "gps_corners": {
      "top_left":     {"px": [0, 586],     "gps": [47.028540, 21.901098]},
      "top_right":    {"px": [900, 530],   "gps": [47.027476, 21.900853]},
      "bottom_left":  {"px": [0, 950],     "gps": [47.028725, 21.899802]},
      "bottom_right": {"px": [1001, 801],  "gps": [47.028278, 21.899684]}
    },
    "zones": [
      {
        "id": "critical_area",
        "name": "Critical Area",
        "polygon": [[0, 586], [900, 530], [1001, 801], [0, 950]],
        "severity_override": "high"
      }
    ]
  }
}
